Headline,URL
"Sunak will have to answer for his own actions, Starmer says"
An extraordinary own goal
Scottish FM calls Sunak's D-Day exit 'disrespectful' to veterans
Sunak's D-Day apology - a recap of how we got here
Is Sunak 'not getting what it is to be prime minister'?
Junior minister grilled on PM leaving D-Day events early
Sunak will hope his admission of a mistake allows this to blow over
'Dreadful judgement' - senior politicians react to Sunak's D-Day apology
Sunak's apology in full after D-Day exit backlash
Breaking'A mistake not to stay longer' - Sunak apologises for leaving D-Day events early
Sunak denies being a liar and brands Labour accusations 'desperate'
"PM defends £2,000 tax claim - despite watchdog's criticism"
"Another day, another policy pledge (or two)"
Lib Dems pledge to double maternity pay and bring in ‘dad month’
What's the agenda for today?
Good morning and welcome
How to watch tonight's BBC TV election debate
A simple guide to the 4 July general election
Who can I vote for in the general election?
Election poll tracker: How do the parties compare?
Parties scramble for candidates as deadline looms
